{
	"system" : {
		"platform" : "windows64",
		"os_name" : "Windows 10",
		"os_version" : "10.0"
	},
	"error" : {
		"executable" : "quartus",
		"comment" : "not_applicable",
		"error_message" : "Access Violation at 0X000000006C1B2FD8",
		"source_file" : "unknown",
		"line" : "0",
		"stack_trace" : "\t 0x6c1b2fd7: QtCore4 + 0x122fd7 (?removeEventFilter@QObject@@QEAAXPEAV1@@Z + 0x17)\n\t0x7ffef1f05fb4: GCL_AFCQ + 0x25fb4 (?track@AFCQ_DRAG_TRACKER@@SAXPEAVQWidget@@AEBVQPoint@@PEAVAFCQ_DRAG_TRACKER_CALLBACK@@N@Z + 0xc4)\n\t0x7ffef1f0610a: GCL_AFCQ + 0x2610a (?track_rect@AFCQ_DRAG_TRACKER@@SA?AVQRect@@PEAVQWidget@@AEBVQPoint@@PEAVQScrollArea@@N@Z + 0x4a)\n\t0x7ffe9f2a71c0: prj_pplq + 0x771c0 (?do_marquee_selection@PPLQ_VIEW_BASE@@IEAA_NAEBVQPoint@@_N1@Z + 0xc0)\n\t0x7ffe9f2a981e: prj_pplq + 0x7981e (?do_select@PPLQ_VIEW_BASE@@IEAAXV?$QFlags@W4KeyboardModifier@Qt@@@@W4MouseButton@Qt@@VQPoint@@@Z + 0x12e)\n\t0x7ffe9f305f93: prj_pplq + 0xd5f93 (?mousePressEvent@PPLQ_VIEW_BASE@@MEAAXPEAVQMouseEvent@@@Z + 0x143)\n\t 0x6b751db0: QtGui4 + 0x61db0 (?event@QWidget@@MEAA_NPEAVQEvent@@@Z + 0xc0)\n\t0x7ffe9f2ba668: prj_pplq + 0x8a668 (?event@PPLQ_VIEW_BASE@@MEAA_NPEAVQEvent@@@Z + 0x98)\n\t 0x6b712f95: QtGui4 + 0x22f95 (?notify_helper@QApplicationPrivate@@QEAA_NPEAVQObject@@PEAVQEvent@@@Z + 0xf5)\n\t 0x6b711b8e: QtGui4 + 0x21b8e (?notify@QApplication@@UEAA_NPEAVQObject@@PEAVQEvent@@@Z + 0x71e)\n\t 0x6c19e67b: QtCore4 + 0x10e67b (?notifyInternal@QCoreApplication@@AEAA_NPEAVQObject@@PEAVQEvent@@@Z + 0x7b)\n\t 0x6b715dee: QtGui4 + 0x25dee (?sendMouseEvent@QApplicationPrivate@@SA_NPEAVQWidget@@PEAVQMouseEvent@@00PEAPEAV2@AEAV?$QPointer@VQWidget@@@@_N@Z + 0x1de)\n\t 0x6b7769b0: QtGui4 + 0x869b0 (?trUtf8@QScrollBar@@SA?AVQString@@PEBD0H@Z + 0x1440)\n\t 0x6b77a361: QtGui4 + 0x8a361 (?winMouseButtonUp@QApplication@@SAXXZ + 0x2761)\n\t0x7fff39a01c4b: USER32 + 0x11c4b (CallWindowProcW + 0x43b)\n\t0x7fff39a00ea5: USER32 + 0x10ea5 (DispatchMessageW + 0x2b5)\n\t 0x6c1c3982: QtCore4 + 0x133982 (?processEvents@QEventDispatcherWin32@@UEAA_NV?$QFlags@W4ProcessEventsFlag@QEventLoop@@@@@Z + 0x3e2)\n\t 0x6b772074: QtGui4 + 0x82074 (?openPopup@QApplicationPrivate@@QEAAXPEAVQWidget@@@Z + 0x204)\n\t 0x6c19b5db: QtCore4 + 0x10b5db (?exec@QEventLoop@@QEAAHV?$QFlags@W4ProcessEventsFlag@QEventLoop@@@@@Z + 0x22b)\n\t 0x6c19dbbf: QtCore4 + 0x10dbbf (?exec@QCoreApplication@@SAHXZ + 0xdf)\n\t0x7ff7871f198b: quartus + 0x198b (?qgq_main@@YAHHPEAPEBD@Z + 0x8b)\n\t0x7fff24763258: CCL_MSG + 0x13258 (?msg_main_thread@@YAPEAXPEAX@Z + 0x18)\n\t0x7fff24764a5e: CCL_MSG + 0x14a5e (?msg_thread_wrapper@@YAPEAXP6APEAXPEAX@Z0@Z + 0x6e)\n\t0x7fff24876af0: ccl_mem + 0x16af0 (?mem_thread_wrapper@@YAPEAXP6APEAXPEAX@Z0@Z + 0x70)\n\t0x7fff24762af1: CCL_MSG + 0x12af1 (?msg_exe_main@@YAHHPEAPEBDP6AHH0@Z@Z + 0xa1)\n\t0x7ff7871f2777: quartus + 0x2777 (WinMain + 0x127)\n\t0x7ff7871f1f40: quartus + 0x1f40 (__tmainCRTStartup + 0x148)\n\t0x7fff38eb54df: KERNEL32 + 0x154df (BaseThreadInitThunk + 0xf)\n\t0x7fff39be485a: ntdll + 0x485a (RtlUserThreadStart + 0x2a)\n",
		"subsystem" : "unknown"
	},
	"quartus" : {
		"quartus_bits" : "64",
		"version" : "20.1.1",
		"build" : "720",
		"edition" : "Lite Edition"
	}
}